product_name,brand,normalized_name,size_ml,product_page_url,image_url,image_source,status,notes
Redken Extreme Conditioner – 300 ml,Redken,extreme conditioner -,300,https://www.redken.eu/nl-nl/products/haircare/extreme,https://www.redken.eu/-/media/project/loreal/brand-sites/redken/emea/inter/product-information/product-badges/smarthaircarebadge.png?w=767&rev=0186934159b94f42b9177acac476eb81&hash=BF0450D18B4475BBFBC47FA6B3DCE378,srcset,found,Match score: 90.0
Redken Extreme Length Shampoo – 300 ml,Redken,extreme length shampoo -,300,https://www.redken.eu/nl-nl/products/haircare/extreme,https://www.redken.eu/-/media/project/loreal/brand-sites/redken/emea/inter/product-information/product-badges/smarthaircarebadge.png?w=767&rev=0186934159b94f42b9177acac476eb81&hash=BF0450D18B4475BBFBC47FA6B3DCE378,srcset,found,Match score: 90.0
Redken Extreme Shampoo – 500 ml,Redken,extreme shampoo -,500,https://www.redken.eu/nl-nl/products/haircare/extreme,https://www.redken.eu/-/media/project/loreal/brand-sites/redken/emea/inter/product-information/product-badges/smarthaircarebadge.png?w=767&rev=0186934159b94f42b9177acac476eb81&hash=BF0450D18B4475BBFBC47FA6B3DCE378,srcset,found,Match score: 90.0
Redken Extreme Shampoo – 300 ml,Redken,extreme shampoo -,300,https://www.redken.eu/nl-nl/products/haircare/extreme,https://www.redken.eu/-/media/project/loreal/brand-sites/redken/emea/inter/product-information/product-badges/smarthaircarebadge.png?w=767&rev=0186934159b94f42b9177acac476eb81&hash=BF0450D18B4475BBFBC47FA6B3DCE378,srcset,found,Match score: 90.0
Redken Color Extend Blondage Shampoo – 300 ml,Redken,color extend blondage shampoo -,300,https://www.redken.eu/nl-nl/products/haircare/color-extend-blondage,https://www.redken.eu/-/media/project/loreal/brand-sites/redken/emea/inter/product-information/product-images/haircare/color-extend-blondage/redken-2018-blondage-conditioner-purple-1260x1600.png?w=400&rev=d8c3f59f9d4c457eb40abb3d3e2e4aba&hash=7A3B3D6AFE0D62A5A3404166DC247BA9,srcset,found,Match score: 90.0
Redken Color Extend Blondage Mask – 300 ml,Redken,color extend blondage mask -,300,https://www.redken.eu/nl-nl/products/haircare/color-extend-blondage,https://www.redken.eu/-/media/project/loreal/brand-sites/redken/emea/inter/product-information/product-images/haircare/color-extend-blondage/redken-2018-blondage-conditioner-purple-1260x1600.png?w=400&rev=d8c3f59f9d4c457eb40abb3d3e2e4aba&hash=7A3B3D6AFE0D62A5A3404166DC247BA9,srcset,found,Match score: 90.0
Redken Color Extend Blondage Conditioner – 300 ml,Redken,color extend blondage conditioner -,300,https://www.redken.eu/nl-nl/products/haircare/color-extend-blondage,https://www.redken.eu/-/media/project/loreal/brand-sites/redken/emea/inter/product-information/product-images/haircare/color-extend-blondage/redken-2018-blondage-conditioner-purple-1260x1600.png?w=400&rev=d8c3f59f9d4c457eb40abb3d3e2e4aba&hash=7A3B3D6AFE0D62A5A3404166DC247BA9,srcset,found,Match score: 90.0
Redken Blondage High Bright Conditioner – 300 ml,Redken,blondage high bright conditioner -,300,https://www.redken.eu/nl-nl/products/haircare/blondage-high-bright,https://www.redken.eu/-/media/2259b0d6844a408dad64558e79a46667.jpg?w=400&rev=56df99558c564475ad60f2149fd281a5&hash=6C6E4CFB12E8FEFF39624BC64CF8B90F,srcset,found,Match score: 90.0
Redken Blondage High Bright Shampoo – 300 ml,Redken,blondage high bright shampoo -,300,https://www.redken.eu/nl-nl/products/haircare/blondage-high-bright,https://www.redken.eu/-/media/2259b0d6844a408dad64558e79a46667.jpg?w=400&rev=56df99558c564475ad60f2149fd281a5&hash=6C6E4CFB12E8FEFF39624BC64CF8B90F,srcset,found,Match score: 90.0
Redken Cerafill Retaliate Stemoxydine – 90 ml,Redken,cerafill retaliate stemoxydine -,90,,,,not_found,No matching candidate found
Redken Amino Mint Shampoo – 300 ml,Redken,amino mint shampoo -,300,https://www.redken.eu/nl-nl/products/haircare/amino-mint,https://www.redken.eu/-/media/project/loreal/brand-sites/redken/emea/inter/product-information/product-images/haircare/all-soft/884486042071allsoftarganoil.png?w=400&rev=1126863fb4494098975c3b5eea33f5a2&hash=6049FF753ACD02FD8E4136C7FC044942,srcset,found,Match score: 90.0
Redken All Soft Argan-6 Oil – 100 ml,Redken,all soft argan-6 oil -,100,https://www.redken.eu/nl-nl/products/haircare/all-soft-mega-curls,https://www.redken.eu/-/media/project/loreal/brand-sites/redken/emea/inter/product-information/product-images/haircare/all-soft-mega-curls/hydramelt/redken-2022-eu-all-soft-mega-curls-packshot-hydramelt-2000x2000.jpg?w=400&rev=6b01e868239e43baa8a37eec07974a92&sc_lang=nl-nl&hash=9F006DBCC749EC1FDDDAD6D557F9592D,srcset,found,Match score: 85.5
Redken All Soft Mega Curls Leave-in – 150 ml,Redken,all soft mega curls leave-in -,150,https://www.redken.eu/nl-nl/products/haircare/all-soft-mega-curls,https://www.redken.eu/-/media/project/loreal/brand-sites/redken/emea/inter/product-information/product-images/haircare/all-soft-mega-curls/hydramelt/redken-2022-eu-all-soft-mega-curls-packshot-hydramelt-2000x2000.jpg?w=400&rev=6b01e868239e43baa8a37eec07974a92&sc_lang=nl-nl&hash=9F006DBCC749EC1FDDDAD6D557F9592D,srcset,found,Match score: 90.0
Redken All Soft Mega Curls Conditioner – 300 ml,Redken,all soft mega curls conditioner -,300,https://www.redken.eu/nl-nl/products/haircare/all-soft-mega-curls,https://www.redken.eu/-/media/project/loreal/brand-sites/redken/emea/inter/product-information/product-images/haircare/all-soft-mega-curls/hydramelt/redken-2022-eu-all-soft-mega-curls-packshot-hydramelt-2000x2000.jpg?w=400&rev=6b01e868239e43baa8a37eec07974a92&sc_lang=nl-nl&hash=9F006DBCC749EC1FDDDAD6D557F9592D,srcset,found,Match score: 90.0
Redken All Soft Mega Curls Shampoo – 300 ml,Redken,all soft mega curls shampoo -,300,https://www.redken.eu/nl-nl/products/haircare/all-soft-mega-curls,https://www.redken.eu/-/media/project/loreal/brand-sites/redken/emea/inter/product-information/product-images/haircare/all-soft-mega-curls/hydramelt/redken-2022-eu-all-soft-mega-curls-packshot-hydramelt-2000x2000.jpg?w=400&rev=6b01e868239e43baa8a37eec07974a92&sc_lang=nl-nl&hash=9F006DBCC749EC1FDDDAD6D557F9592D,srcset,found,Match score: 90.0
Redken All Soft Heavy Cream – 250 ml,Redken,all soft heavy cream -,250,https://www.redken.eu/nl-nl/products/haircare/all-soft-mega-curls,https://www.redken.eu/-/media/project/loreal/brand-sites/redken/emea/inter/product-information/product-images/haircare/all-soft-mega-curls/hydramelt/redken-2022-eu-all-soft-mega-curls-packshot-hydramelt-2000x2000.jpg?w=400&rev=6b01e868239e43baa8a37eec07974a92&sc_lang=nl-nl&hash=9F006DBCC749EC1FDDDAD6D557F9592D,srcset,found,Match score: 85.5
Redken All Soft Leave-in – 150 ml,Redken,all soft leave-in -,150,https://www.redken.eu/nl-nl/products/haircare/all-soft-mega-curls,https://www.redken.eu/-/media/project/loreal/brand-sites/redken/emea/inter/product-information/product-images/haircare/all-soft-mega-curls/hydramelt/redken-2022-eu-all-soft-mega-curls-packshot-hydramelt-2000x2000.jpg?w=400&rev=6b01e868239e43baa8a37eec07974a92&sc_lang=nl-nl&hash=9F006DBCC749EC1FDDDAD6D557F9592D,srcset,found,Match score: 85.5
Redken All Soft Conditioner – 500 ml,Redken,all soft conditioner -,500,https://www.redken.eu/nl-nl/products/haircare/all-soft-mega-curls,https://www.redken.eu/-/media/project/loreal/brand-sites/redken/emea/inter/product-information/product-images/haircare/all-soft-mega-curls/hydramelt/redken-2022-eu-all-soft-mega-curls-packshot-hydramelt-2000x2000.jpg?w=400&rev=6b01e868239e43baa8a37eec07974a92&sc_lang=nl-nl&hash=9F006DBCC749EC1FDDDAD6D557F9592D,srcset,found,Match score: 85.5
Redken All Soft Conditioner – 300 ml,Redken,all soft conditioner -,300,https://www.redken.eu/nl-nl/products/haircare/all-soft-mega-curls,https://www.redken.eu/-/media/project/loreal/brand-sites/redken/emea/inter/product-information/product-images/haircare/all-soft-mega-curls/hydramelt/redken-2022-eu-all-soft-mega-curls-packshot-hydramelt-2000x2000.jpg?w=400&rev=6b01e868239e43baa8a37eec07974a92&sc_lang=nl-nl&hash=9F006DBCC749EC1FDDDAD6D557F9592D,srcset,found,Match score: 85.5
All Soft Shampoo – 500 ml,Thalion,all soft shampoo -,500,,,,not_found,No matching candidate found
Redken All Soft Shampoo – 300 ml,Redken,all soft shampoo -,300,https://www.redken.eu/nl-nl/products/haircare/all-soft-mega-curls,https://www.redken.eu/-/media/project/loreal/brand-sites/redken/emea/inter/product-information/product-images/haircare/all-soft-mega-curls/hydramelt/redken-2022-eu-all-soft-mega-curls-packshot-hydramelt-2000x2000.jpg?w=400&rev=6b01e868239e43baa8a37eec07974a92&sc_lang=nl-nl&hash=9F006DBCC749EC1FDDDAD6D557F9592D,srcset,found,Match score: 85.5
Redken Acidic Color Gloss I Gloss-In-Mask – 50 ml,Redken,acidic color gloss i gloss-in-mask -,50,https://www.redken.eu/nl-nl/products/haircare/acidic-color-gloss,https://www.redken.eu/-/media/project/loreal/brand-sites/redken/emea/inter/product-information/product-images/haircare/acidic-color-gloss/acidic-color-gloss-shampooing-recharge/acgpdpvisual-(5).jpeg?w=400&hash=8CBCD2156309958A63C53C818272D2E5,srcset,found,Match score: 90.0
Redken Acidic Color Gloss-in Mask – 250 ml,Redken,acidic color gloss-in mask -,250,https://www.redken.eu/nl-nl/products/haircare/acidic-color-gloss,https://www.redken.eu/-/media/project/loreal/brand-sites/redken/emea/inter/product-information/product-images/haircare/acidic-color-gloss/acidic-color-gloss-shampooing-recharge/acgpdpvisual-(5).jpeg?w=400&hash=8CBCD2156309958A63C53C818272D2E5,srcset,found,Match score: 90.0
Redken Color Gloss Leave-in Hittebeschermer -190 ml,Redken,color gloss leave-in hittebeschermer -,190,https://www.redken.eu/nl-nl/products/haircare/acidic-color-gloss,https://www.redken.eu/-/media/project/loreal/brand-sites/redken/emea/inter/product-information/product-images/haircare/acidic-color-gloss/acidic-color-gloss-shampooing-recharge/acgpdpvisual-(5).jpeg?w=400&hash=8CBCD2156309958A63C53C818272D2E5,srcset,found,Match score: 85.5
Redken Acidic Color Gloss Conditioner – 500 ml,Redken,acidic color gloss conditioner -,500,https://www.redken.eu/nl-nl/products/haircare/acidic-color-gloss,https://www.redken.eu/-/media/project/loreal/brand-sites/redken/emea/inter/product-information/product-images/haircare/acidic-color-gloss/acidic-color-gloss-shampooing-recharge/acgpdpvisual-(5).jpeg?w=400&hash=8CBCD2156309958A63C53C818272D2E5,srcset,found,Match score: 90.0
Redken Acidic Color Gloss Conditioner – 300 ml,Redken,acidic color gloss conditioner -,300,https://www.redken.eu/nl-nl/products/haircare/acidic-color-gloss,https://www.redken.eu/-/media/project/loreal/brand-sites/redken/emea/inter/product-information/product-images/haircare/acidic-color-gloss/acidic-color-gloss-shampooing-recharge/acgpdpvisual-(5).jpeg?w=400&hash=8CBCD2156309958A63C53C818272D2E5,srcset,found,Match score: 90.0
Redken Acidic Color Gloss Shampoo – 500 ml,Redken,acidic color gloss shampoo -,500,https://www.redken.eu/nl-nl/products/haircare/acidic-color-gloss,https://www.redken.eu/-/media/project/loreal/brand-sites/redken/emea/inter/product-information/product-images/haircare/acidic-color-gloss/acidic-color-gloss-shampooing-recharge/acgpdpvisual-(5).jpeg?w=400&hash=8CBCD2156309958A63C53C818272D2E5,srcset,found,Match score: 90.0
Redken Acidic Color Gloss Shampoo – 300 ml,Redken,acidic color gloss shampoo -,300,https://www.redken.eu/nl-nl/products/haircare/acidic-color-gloss,https://www.redken.eu/-/media/project/loreal/brand-sites/redken/emea/inter/product-information/product-images/haircare/acidic-color-gloss/acidic-color-gloss-shampooing-recharge/acgpdpvisual-(5).jpeg?w=400&hash=8CBCD2156309958A63C53C818272D2E5,srcset,found,Match score: 90.0
Redken Color Gloss Naked Gloss Lightweight Shine Oil 100 ml,Redken,color gloss naked gloss lightweight shine oil,100,https://www.redken.eu/nl-nl/products/haircare/acidic-color-gloss,https://www.redken.eu/-/media/project/loreal/brand-sites/redken/emea/inter/product-information/product-images/haircare/acidic-color-gloss/acidic-color-gloss-shampooing-recharge/acgpdpvisual-(5).jpeg?w=400&hash=8CBCD2156309958A63C53C818272D2E5,srcset,found,Match score: 85.5
Redken Acidic Bonding Concentrate Leave-in Treatment – 150 ml,Redken,acidic bonding concentrate leave-in treatment -,150,https://www.redken.eu/nl-nl/products/haircare/acidic-bonding-concentrate,https://www.redken.eu/-/media/project/loreal/brand-sites/redken/emea/inter/product-information/product-images/haircare/acidic-bonding-concentrate/abc-balm-nl/3474637338701main_packshot.jpg?w=400&rev=2eadb87d1dbe417bae9af26be51a867c&hash=28AB0810630C680300CF2C8BE2EDBE62,srcset,found,Match score: 90.0
Redken Acidic Bonding Concentrate 5-Min Liquid Masker – 250 ml,Redken,acidic bonding concentrate 5-min liquid masker -,250,https://www.redken.eu/nl-nl/products/haircare/acidic-bonding-concentrate,https://www.redken.eu/-/media/project/loreal/brand-sites/redken/emea/inter/product-information/product-images/haircare/acidic-bonding-concentrate/abc-balm-nl/3474637338701main_packshot.jpg?w=400&rev=2eadb87d1dbe417bae9af26be51a867c&hash=28AB0810630C680300CF2C8BE2EDBE62,srcset,found,Match score: 90.0
Redken Bonding Concentrate 24/7 Night & Day Serum 100ml,Redken,bonding concentrate 24/7 night & day serum,100,https://www.redken.eu/nl-nl/products/olies-en-serums,https://www.redken.eu/-/media/project/loreal/brand-sites/redken/emea/inter/product-information/product-images/acidic-bonding-concentrate/24-7-night-and-day-serum/main.jpg?w=400&rev=00f37be4a6d14e50abd81ba0b7ae287a&hash=578E05B71FEFAF0D8A8253218AB81BEE,srcset,found,Match score: 85.5
Redken Acidic Bonding Concentrate 24/7 Night & Day Serum 45ml,Redken,acidic bonding concentrate 24/7 night & day serum,45,https://www.redken.eu/nl-nl/products/haircare/acidic-bonding-concentrate,https://www.redken.eu/-/media/project/loreal/brand-sites/redken/emea/inter/product-information/product-images/haircare/acidic-bonding-concentrate/abc-balm-nl/3474637338701main_packshot.jpg?w=400&rev=2eadb87d1dbe417bae9af26be51a867c&hash=28AB0810630C680300CF2C8BE2EDBE62,srcset,found,Match score: 90.0
Redken Acidic Bonding Concentrate Conditioner – 500 ml,Redken,acidic bonding concentrate conditioner -,500,https://www.redken.eu/nl-nl/products/haircare/acidic-bonding-concentrate,https://www.redken.eu/-/media/project/loreal/brand-sites/redken/emea/inter/product-information/product-images/haircare/acidic-bonding-concentrate/abc-balm-nl/3474637338701main_packshot.jpg?w=400&rev=2eadb87d1dbe417bae9af26be51a867c&hash=28AB0810630C680300CF2C8BE2EDBE62,srcset,found,Match score: 90.0
Redken Acidic Bonding Concentrate Conditioner – 300 ML,Redken,acidic bonding concentrate conditioner -,300,https://www.redken.eu/nl-nl/products/haircare/acidic-bonding-concentrate,https://www.redken.eu/-/media/project/loreal/brand-sites/redken/emea/inter/product-information/product-images/haircare/acidic-bonding-concentrate/abc-balm-nl/3474637338701main_packshot.jpg?w=400&rev=2eadb87d1dbe417bae9af26be51a867c&hash=28AB0810630C680300CF2C8BE2EDBE62,srcset,found,Match score: 90.0
Redken Acidic Bonding Concentrate Leave-in 50ML,Redken,acidic bonding concentrate leave-in,50,https://www.redken.eu/nl-nl/products/haircare/acidic-bonding-concentrate,https://www.redken.eu/-/media/project/loreal/brand-sites/redken/emea/inter/product-information/product-images/haircare/acidic-bonding-concentrate/abc-balm-nl/3474637338701main_packshot.jpg?w=400&rev=2eadb87d1dbe417bae9af26be51a867c&hash=28AB0810630C680300CF2C8BE2EDBE62,srcset,found,Match score: 90.0
Redken Acidic Bonding Concentrate Shampoo – 300 ML,Redken,acidic bonding concentrate shampoo -,300,https://www.redken.eu/nl-nl/products/haircare/acidic-bonding-concentrate,https://www.redken.eu/-/media/project/loreal/brand-sites/redken/emea/inter/product-information/product-images/haircare/acidic-bonding-concentrate/abc-balm-nl/3474637338701main_packshot.jpg?w=400&rev=2eadb87d1dbe417bae9af26be51a867c&hash=28AB0810630C680300CF2C8BE2EDBE62,srcset,found,Match score: 90.0
Redken Acidic Bonding Curls Leave-in Treatment – 250ML,Redken,acidic bonding curls leave-in treatment -,250,https://www.redken.eu/nl-nl/products/haircare/acidic-bonding-curls,https://www.redken.eu/-/media/project/loreal/brand-sites/redken/emea/inter/product-information/product-images/acidic-bonding-curls/abc-shampoo/nl/1.png?w=400&rev=aa3d8030431f4b68850ae1720f2e4bfb&hash=3470269615A9447B4A4D428F340B42CA,srcset,found,Match score: 90.0
Redken Acidic Bonding Curls Conditioner 300ML,Redken,acidic bonding curls conditioner,300,https://www.redken.eu/nl-nl/products/haircare/acidic-bonding-curls,https://www.redken.eu/-/media/project/loreal/brand-sites/redken/emea/inter/product-information/product-images/acidic-bonding-curls/abc-shampoo/nl/1.png?w=400&rev=aa3d8030431f4b68850ae1720f2e4bfb&hash=3470269615A9447B4A4D428F340B42CA,srcset,found,Match score: 90.0
Redken Acidic Bonding Curls Shampoo – 300ML,Redken,acidic bonding curls shampoo -,300,https://www.redken.eu/nl-nl/products/haircare/acidic-bonding-curls,https://www.redken.eu/-/media/project/loreal/brand-sites/redken/emea/inter/product-information/product-images/acidic-bonding-curls/abc-shampoo/nl/1.png?w=400&rev=aa3d8030431f4b68850ae1720f2e4bfb&hash=3470269615A9447B4A4D428F340B42CA,srcset,found,Match score: 90.0
Redken Acidic Grow Full System Serum – 100 ml,Redken,acidic grow full system serum -,100,https://www.redken.eu/nl-nl/products/haircare/acidic-grow-full-system,https://www.redken.eu/-/media/d39803bde7f646fc85eca7bae17df029.jpg?w=400&hash=FA489F554DF43B3C435CFB2D2B74AB00,srcset,found,Match score: 90.0
Redken Acidic Grow Full Instant Densifying Spray – 190 ml,Redken,acidic grow full instant densifying spray -,190,https://www.redken.eu/nl-nl/products/haircare/acidic-bonding-concentrate,https://www.redken.eu/-/media/project/loreal/brand-sites/redken/emea/inter/product-information/product-images/haircare/acidic-bonding-concentrate/abc-balm-nl/3474637338701main_packshot.jpg?w=400&rev=2eadb87d1dbe417bae9af26be51a867c&hash=28AB0810630C680300CF2C8BE2EDBE62,srcset,found,Match score: 85.5
Redken Acidic Grow Full System Conditioner – 300 ml,Redken,acidic grow full system conditioner -,300,https://www.redken.eu/nl-nl/products/haircare/acidic-grow-full-system,https://www.redken.eu/-/media/d39803bde7f646fc85eca7bae17df029.jpg?w=400&hash=FA489F554DF43B3C435CFB2D2B74AB00,srcset,found,Match score: 90.0
Redken Acidic Grow Full System Shampoo – 300 ml,Redken,acidic grow full system shampoo -,300,https://www.redken.eu/nl-nl/products/haircare/acidic-grow-full-system,https://www.redken.eu/-/media/d39803bde7f646fc85eca7bae17df029.jpg?w=400&hash=FA489F554DF43B3C435CFB2D2B74AB00,srcset,found,Match score: 90.0
Redken Concentrate Hair Bandage Balm – 75 ml,Redken,concentrate hair bandage balm -,75,https://www.redken.eu/nl-nl/products/haircare/acidic-bonding-concentrate,https://www.redken.eu/-/media/project/loreal/brand-sites/redken/emea/inter/product-information/product-images/haircare/acidic-bonding-concentrate/abc-balm-nl/3474637338701main_packshot.jpg?w=400&rev=2eadb87d1dbe417bae9af26be51a867c&hash=28AB0810630C680300CF2C8BE2EDBE62,srcset,found,Match score: 85.5
ThaliSens Perfumed Mist Sparkling Citrus 30ml,ThaliSens,perfumed mist sparkling citrus,30,https://www.thalion.com/en/our-products/body/thalisens-nature-body/perfumed-mist-sparkling-citrus/,https://www.thalion.com/wp-content/uploads/THALISENS-nature_Eau-Parfumee-Agrumes-Petillants_Vignette.png,og:image,found,Match score: 100
ThaliSens Perfumed Mist Captivating Tiare 30ml,ThaliSens,perfumed mist captivating tiare,30,https://www.thalion.com/en/our-products/body/thalisens-nature-body/perfumed-mist-captivating-tiare/,https://www.thalion.com/wp-content/uploads/THALISENS-nature_Eau-Parfumee-Tiare-Envoutante_Vignette.png,og:image,found,Match score: 100
ThaliSens Exquisite Emulsion Sparkling Citrus 200ml,ThaliSens,exquisite emulsion sparkling citrus,200,https://www.thalion.com/en/our-products/body/thalisens-nature-body/exquisite-emulsion-sparkling-citrus/,https://www.thalion.com/wp-content/uploads/THALISENS-nature_Emulsion-Exquise-Agrumes-Petillants_Vignette.png,og:image,found,Match score: 100
ThaliSens Exquisite Emulsion Sparkling Citrus 150ml,ThaliSens,exquisite emulsion sparkling citrus,150,https://www.thalion.com/en/our-products/body/thalisens-nature-body/exquisite-emulsion-sparkling-citrus/,https://www.thalion.com/wp-content/uploads/THALISENS-nature_Emulsion-Exquise-Agrumes-Petillants_Vignette.png,og:image,found,Match score: 100
ThaliSens Exquisite Emulsion Captivating Tiare 150ml,ThaliSens,exquisite emulsion captivating tiare,150,https://www.thalion.com/en/our-products/body/thalisens-nature-body/exquisite-emulsion-captivating-tiare/,https://www.thalion.com/wp-content/uploads/THALISENS-nature_Emulsion-Exquise-Tiare-Envoutante_Vignette.png,og:image,found,Match score: 100
ThaliSens Divine Scrub Sparkling Citrus 195ml,ThaliSens,divine scrub sparkling citrus,195,https://www.thalion.com/en/our-products/body/thalisens-nature-body/divine-scrub-sparkling-citrus/,https://www.thalion.com/wp-content/uploads/THALISENS-nature_Exfoliant-Divin-Agrumes-Petillants_Vignette.png,og:image,found,Match score: 100
ThaliSens Sparkling Citrus animation set,ThaliSens,sparkling citrus animation set,,,,,not_found,No matching candidate found
Thalion TVS Liposculpt Adipose Cellulite concentr. 200ml,Thalion,tvs liposculpt adipose cellulite concentr.,200,,,,not_found,No matching candidate found
Thalion TVS Fibrosculpt Fibrotic Cellulite concentr. 200ml,Thalion,tvs fibrosculpt fibrotic cellulite concentr.,200,,,,not_found,No matching candidate found
Thalion TVS Aquasculpt Oedematous Cellulite concentr. 200ml,Thalion,tvs aquasculpt oedematous cellulite concentr.,200,,,,not_found,No matching candidate found
Thalion TSV Water Destock Contour Cream 200ml,Thalion,tsv water destock contour cream,200,https://www.thalion.com/en/our-products/face/thalisource-en-2/essential-moisturizing-cream/,https://www.thalion.com/wp-content/uploads/THV072-2-1.png,og:image,found,Match score: 85.5
Thalion TSV Turbo Sculptor Pack with marine sillicium 200 ml,Thalion,tsv turbo sculptor pack with marine sillicium,200,https://www.thalion.com/en/our-products/body/thalasso-beauty/algae-exfoliating-soap/,https://www.thalion.com/wp-content/uploads/Thalasso-Beaute_Savon-Exfoliant-aux-Algues_Vignette.png,og:image,found,Match score: 85.5
Thalion Super Silhoutte burning fat & slimming 60 caps,Thalion,super silhoutte burning fat & slimming,,https://www.thalion.com/en/besoins-de-la-peau/hydrate-nourish/,,not_found,no_image,"Match score: 85.5, but no image found"
Thalion Super Teint Herbal Tea 20 sachets,Thalion,super teint herbal tea,,,,,not_found,No matching candidate found
Thalion Super Peau Herbal Tea 20 sachets,Thalion,super peau herbal tea,,,,,not_found,No matching candidate found
Thalion Super Equilibre Algea extract 20 pcs,Thalion,super equilibre algea extract,,,,,not_found,No matching candidate found
Thalion Super Energie Detox & Vitality 60 caps,Thalion,super energie detox & vitality,,https://www.thalion.com/en/besoins-de-la-peau/hydrate-nourish/,,not_found,no_image,"Match score: 85.5, but no image found"
Thalion Super Detox Herbal Tea 20 sachets,Thalion,super detox herbal tea,,https://www.thalion.com/en/our-products/face/the-essentials/detox-scrub-mask/,https://www.thalion.com/wp-content/uploads/Les-Essentiels_Masque-Gommage-Detox_Vignette.png,og:image,found,Match score: 85.5
Thalion Super Bien-Être Ocean Magnesium – 60 caps,Thalion,super bien-etre ocean magnesium -,,https://www.thalion.com/en/our-products/body/mineral-therapies-body/ocean-magnesium/,https://www.thalion.com/wp-content/uploads/Therapies-Minerales_Ocean-Magnesium_Vignette.png,og:image,found,Match score: 90.0
Thalion Velvet Feet Cream 75ml,Thalion,velvet feet cream,75,https://www.thalion.com/en/our-products/body/thalasso-beauty/velvet-feet-cream/,https://www.thalion.com/wp-content/uploads/Thalasso-Beaute_Creme-Pieds-Velours_Vignette.png,og:image,found,Match score: 100
Thalion Velvet Body Butter 200 ml,Thalion,velvet body butter,200,https://www.thalion.com/en/our-products/body/thalasso-beauty/velvet-body-butter/,https://www.thalion.com/wp-content/uploads/Thalasso-Beaute_Baume-Corporel-Nutri-velours_Vignette.png,og:image,found,Match score: 100
Thalion Special Thalasso Bath 400 ml,Thalion,special thalasso bath,400,https://www.thalion.com/en/our-products/body/thalasso-well-being/special-thalasso-bath/,https://www.thalion.com/wp-content/uploads/Thalasso-Bien-etre_Bain-Special-Thalasso_Vignette.png,og:image,found,Match score: 100
Thalion Silky Hydra-Marine Milk 500ml,Thalion,silky hydra-marine milk,500,https://www.thalion.com/en/our-products/body/thalasso-beauty/silky-hydra-marine-milk/,https://www.thalion.com/wp-content/uploads/Thalasso-Beaute_Lait-Soyeux-Hydra-marin_Vignette.png,og:image,found,Match score: 100
Thalion Hand Treatment Cream 75 ml,Thalion,hand treatment cream,75,https://www.thalion.com/en/our-products/body/thalasso-beauty/hand-treatment-cream/,https://www.thalion.com/wp-content/uploads/Thalasso-Beaute_Creme-Beaute-des-Mains_Vignette.png,og:image,found,Match score: 100
Thalion Firming Bust Serum 50 ml,Thalion,firming bust serum,50,https://www.thalion.com/en/our-products/face/algolift-en/firming-glow-serum/,https://www.thalion.com/wp-content/uploads/THV135.png,og:image,found,Match score: 85.5
Thalion Exfoliating Body Lotion With Marine Salts 220 ml,Thalion,exfoliating body lotion with marine salts,220,https://www.thalion.com/en/our-products/body/thalasso-beauty/exfoliating-body-lotion-with-marine-salts/,https://www.thalion.com/wp-content/uploads/Thalasso-Beaute_Fluide-Gommant-aux-Sels-Marins_Vignette.png,og:image,found,Match score: 100
Thalion Dual Action Firming Body Cream 200ml,Thalion,dual action firming body cream,200,https://www.thalion.com/en/our-products/body/thalisvelt-body/dual-action-firming-body-cream/,https://www.thalion.com/wp-content/uploads/Thalisvelt_Soin-Multi-action-Fermete_Vignette.png,og:image,found,Match score: 100
Thalion MEN Refreshing Shower Gel Body & Hair 200ml,Thalion,men refreshing shower gel body & hair,200,https://www.thalion.com/en/besoins-de-la-peau/hydrate-nourish/,,not_found,no_image,"Match score: 85.5, but no image found"
Thalion Marine Magnesium Oil 100ml,Thalion,marine magnesium oil,100,https://www.thalion.com/en/marine-nutrition/,https://www.thalion.com/wp-content/uploads/nutrition_marine.jpg,og:image,found,Match score: 85.5
Thalion Magnesium Booster 100ml,Thalion,magnesium booster,100,https://www.thalion.com/en/our-products/body/mineral-therapies-body/magnesium-booster/,https://www.thalion.com/wp-content/uploads/Therapies-Minerales_Magnesium-Booster_Vignette.png,og:image,found,Match score: 100
Thalion L'eau de Thalion – Perfumed Mist 100ml,Thalion,l'eau de thalion - perfumed mist,100,https://www.thalion.com/en/our-products/face/the-marine-iconic-products/moisturizing-marine-mist/,https://www.thalion.com/wp-content/uploads/Iconiques-Marins_Brume-Marine-Hydra-vivifiante_Vignette.png,og:image,found,Match score: 85.5
L'eau Hydra-Marine – Perfumed Mist 100ml,Thalion,hydra-marine - perfumed mist,100,https://www.thalion.com/en/our-products/face/the-marine-iconic-products/moisturizing-marine-mist/,https://www.thalion.com/wp-content/uploads/Iconiques-Marins_Brume-Marine-Hydra-vivifiante_Vignette.png,og:image,found,Match score: 85.5
Thalion AlgoPur Animation kit,Thalion,algopur animation kit,,,,,not_found,No matching candidate found
Thalion AlgoEnergie Animation kit,Thalion,algoenergie animation kit,,https://www.thalion.com/en/product-category/face/algoenergie-en/,,not_found,no_image,"Match score: 81.81818181818181, but no image found"
Thalion giftbox – Ocean Secrets set,Thalion,giftbox - ocean secrets set,,https://www.thalion.com/en/product-category/face/ocean-secrets-en/,https://www.thalion.com/wp-content/uploads/gamme_ocean_secrets-1.png.webp,srcset,found,Match score: 90.0
Thalion TW Skin Tone Correcting Serum 30 ml,Thalion,tw skin tone correcting serum,30,https://www.thalion.com/en/our-products/face/thaliwhite-en/skin-tone-correcting-serum/,https://www.thalion.com/wp-content/uploads/Thaliwhite_Serum-Eclat-Anti-taches_Vignette.png,og:image,found,Match score: 90.0
Thalion TW Skin Tone Brightening Fluid 50ml,Thalion,tw skin tone brightening fluid,50,https://www.thalion.com/en/our-products/face/algocalm-en/sensibiote-soothing-fluid/,https://www.thalion.com/wp-content/uploads/Algocalm_Fluide-Sensibiote-Apaisant_Vignette.png,og:image,found,Match score: 85.5
Thalion TW Skin Tone Brightening Cream 50 ml,Thalion,tw skin tone brightening cream,50,https://www.thalion.com/en/our-products/face/thaliwhite-en/skin-tone-brightening-cream/,https://www.thalion.com/wp-content/uploads/Thaliwhite_Creme-Eclat-Absolu_Vignette.png,og:image,found,Match score: 90.0
Thalion TW Radiance Cleansing Milk 200ml,Thalion,tw radiance cleansing milk,200,https://www.thalion.com/en/besoins-de-la-peau/radiance/,,not_found,no_image,"Match score: 90.0, but no image found"
Thalion TW Brightening Radiance Lotion 200 ml,Thalion,tw brightening radiance lotion,200,https://www.thalion.com/en/besoins-de-la-peau/radiance/,,not_found,no_image,"Match score: 90.0, but no image found"
Thalion Suntan Drink Bronz'age 10 amp. x 10ml,Thalion,suntan drink bronz'age x,10,https://www.thalion.com/en/our-products/body/suncare-body/bronzage-drink/,https://www.thalion.com/wp-content/uploads/Solaires_Boisson-Bronz-Age_Vignette.png,og:image,found,Match score: 90.0
Thalion Face & Body Sun Lotion 125ml SPF50,Thalion,face & body sun lotion spf50,125,https://www.thalion.com/en/besoins-de-la-peau/hydrate-nourish/,,not_found,no_image,"Match score: 85.5, but no image found"
Thalion Face & Body Sun Lotion 125 ml SPF30,Thalion,face & body sun lotion spf30,125,https://www.thalion.com/en/our-products/body/suncare-body/face-body-sun-lotion-spf30/,https://www.thalion.com/wp-content/uploads/THV-688-2.jpg,og:image,found,Match score: 100
Thalion Daily Veil – very high protection SPF50+ 30ml,Thalion,daily veil - very high protection spf50+,30,https://www.thalion.com/en/besoins-de-la-peau/uv-protection/,,not_found,no_image,"Match score: 85.5, but no image found"
Thalion Skin Perfector BB Cream-Medium Shade 30ml,Thalion,skin perfector bb cream-medium shade,30,https://www.thalion.com/en/our-products/face/algolift-en/nutri-resilience-skin-architect/,https://www.thalion.com/wp-content/uploads/Algolift_Creme-Nutri-Age-Densite-Volume_Vignette.png,og:image,found,Match score: 85.5
Thalion Skin Perfector BB Cream-Light Shade 30ml,Thalion,skin perfector bb cream-light shade,30,https://www.thalion.com/en/our-products/face/algolift-en/nutri-resilience-skin-architect/,https://www.thalion.com/wp-content/uploads/Algolift_Creme-Nutri-Age-Densite-Volume_Vignette.png,og:image,found,Match score: 85.5
Thalion BB Cream Skin Perfector SPF15,Thalion,bb cream skin perfector spf15,,https://www.thalion.com/en/our-products/face/algoenergie-en/radiance-booster-cream/,https://www.thalion.com/wp-content/uploads/Algoenergie_Creme-Dynamisante-Eclat_Vignette.png,og:image,found,Match score: 85.5
Thalion Velvet Cleansing Milk 200ml,Thalion,velvet cleansing milk,200,https://www.thalion.com/en/our-products/face/the-essentials/velvet-cleansing-milk/,https://www.thalion.com/wp-content/uploads/Les-Essentiels_Lait-Demaquillant-Onctueux_Vignette.png,og:image,found,Match score: 100
Thalion Purifying Foaming Cleanser 150 ml,Thalion,purifying foaming cleanser,150,https://www.thalion.com/en/our-products/face/the-essentials/purifying-foaming-gel/,https://www.thalion.com/wp-content/uploads/Les-Essentiels_Gel-Moussant-Purete_Vignette.png,og:image,found,Match score: 100
Thalion Micellar Cleansing Water 200ml,Thalion,micellar cleansing water,200,https://www.thalion.com/en/our-products/face/the-essentials/micellar-cleansing-water/,https://www.thalion.com/wp-content/uploads/Les-Essentiels_Eau-Micellaire-2-en-1_Vignette.png,og:image,found,Match score: 100
Thalion Deep Cleansing Oil 125ml,Thalion,deep cleansing oil,125,https://www.thalion.com/en/our-products/face/the-essentials/deep-cleansing-oil/,https://www.thalion.com/wp-content/uploads/Les-Essentiels_Huile-Demaquillante-Cristalline_Vignette.png,og:image,found,Match score: 100
Thalion OC Eye Reviver Dark Circles & Puffiness 15 ml,Thalion,oc eye reviver dark circles & puffiness,15,https://www.thalion.com/en/our-products/face/oligocontour/eye-reviver/,https://www.thalion.com/wp-content/uploads/Oligocontour_Defatigant-Regard_Vignette.png,og:image,found,Match score: 90.0
Thalion OC Eye Lifting Cream 15 ml,Thalion,oc eye lifting cream,15,https://www.thalion.com/en/our-products/face/algoenergie-en/radiance-booster-cream/,https://www.thalion.com/wp-content/uploads/Algoenergie_Creme-Dynamisante-Eclat_Vignette.png,og:image,found,Match score: 85.5
Thalion OC 3D Firming Eye Rescue 15ml,Thalion,oc 3d firming eye rescue,15,https://www.thalion.com/en/our-products/face/oligocontour/3d-firming-eye-rescue/,https://www.thalion.com/wp-content/uploads/Oligocontour_Soin-Liftant-3D-Yeux_Vignette.png,og:image,found,Match score: 90.0
Thalion La Crème Yeux 15ml,Thalion,la creme yeux,15,https://www.thalion.com/en/our-products/face/ocean-secrets-en/la-creme-yeux/,https://www.thalion.com/wp-content/uploads/THV239.png,og:image,found,Match score: 100
Thalion Nutri-Marine Sublimating Nourishing Oil 30 ml,Thalion,nutri-marine sublimating nourishing oil,30,https://www.thalion.com/en/our-products/face/the-essentials/deep-cleansing-oil/,https://www.thalion.com/wp-content/uploads/Les-Essentiels_Huile-Demaquillante-Cristalline_Vignette.png,og:image,found,Match score: 85.5
Thalion Nutri-Marine Nutrialgue Cocoon Cream 50 ml,Thalion,nutri-marine nutrialgue cocoon cream,50,https://www.thalion.com/en/our-products/face/thalisource-en-2/essential-moisturizing-cream/,https://www.thalion.com/wp-content/uploads/THV072-2-1.png,og:image,found,Match score: 85.5
Thalion Nutri-Marine Lipid-Replensing Mask 50 ml,Thalion,nutri-marine lipid-replensing mask,50,https://www.thalion.com/en/our-products/face/thalisource-en-2/moisturizing-plumping-mask/,https://www.thalion.com/wp-content/uploads/THV073.png,og:image,found,Match score: 85.5
Thalion AL Nutri-Resilience Skin Architect 50ml,Thalion,al nutri-resilience skin architect,50,https://www.thalion.com/en/our-products/face/algolift-en/nutri-resilience-skin-architect/,https://www.thalion.com/wp-content/uploads/Algolift_Creme-Nutri-Age-Densite-Volume_Vignette.png,og:image,found,Match score: 87.0967741935484
Thalion Moisturizing Marine Mist 150ml,Thalion,moisturizing marine mist,150,https://www.thalion.com/en/our-products/face/the-marine-iconic-products/moisturizing-marine-mist/,https://www.thalion.com/wp-content/uploads/Iconiques-Marins_Brume-Marine-Hydra-vivifiante_Vignette.png,og:image,found,Match score: 100
Thalion Hydra-Marine Moisturizing Replensing Serum 30 ml,Thalion,hydra-marine moisturizing replensing serum,30,https://www.thalion.com/en/our-products/face/the-marine-iconic-products/moisturizing-marine-mist/,https://www.thalion.com/wp-content/uploads/Iconiques-Marins_Brume-Marine-Hydra-vivifiante_Vignette.png,og:image,found,Match score: 85.5
Thalion Hydra-Marine Moisturizing Plumping Mask 50 ml,Thalion,hydra-marine moisturizing plumping mask,50,https://www.thalion.com/en/our-products/face/thalisource-en-2/moisturizing-plumping-mask/,https://www.thalion.com/wp-content/uploads/THV073.png,og:image,found,Match score: 90.0
Thalion Hydra-Marine Moist. Thirst-Quenching Gel-cream 50 ml,Thalion,hydra-marine moist. thirst-quenching gel-cream,50,,,,not_found,No matching candidate found
Thalion Hydra-Marine Essential Cream 50 ml,Thalion,hydra-marine essential cream,50,https://www.thalion.com/en/our-products/face/thalisource-en-2/essential-moisturizing-cream/,https://www.thalion.com/wp-content/uploads/THV072-2-1.png,og:image,found,Match score: 85.5
Thalion Mineral Booster Dewy Glow Liquid Care 30ml,Thalion,mineral booster dewy glow liquid care,30,https://www.thalion.com/en/our-products/face/the-marine-iconic-products/mineral-booster/,https://www.thalion.com/wp-content/uploads/Iconiques-Marins_Mineral-Booster_Vignette.png,og:image,found,Match score: 90.0
Mineral Booster – Dewy glow liquid care 30ml,Thalion,mineral booster - dewy glow liquid care,30,https://www.thalion.com/en/our-products/face/the-marine-iconic-products/mineral-booster/,https://www.thalion.com/wp-content/uploads/Iconiques-Marins_Mineral-Booster_Vignette.png,og:image,found,Match score: 90.0
Thalion MEN SOS After Shave Instant Soothing Moisturiz 50 ml,Thalion,men sos after shave instant soothing moisturiz,50,https://www.thalion.com/en/our-products/face/algocalm-en/sensibiote-soothing-fluid/,https://www.thalion.com/wp-content/uploads/Algocalm_Fluide-Sensibiote-Apaisant_Vignette.png,og:image,found,Match score: 85.5
Thalion MEN Age Control: Time Fighting Revitalizer 50 ml,Thalion,men age control: time fighting revitalizer,50,https://www.thalion.com/en/our-products/face/men/age-control/,https://www.thalion.com/wp-content/uploads/Homme_Age-Control_Vignette.png,og:image,found,Match score: 90.0
Thalion MEN 3 in 1 Cleansing Face Gel 150 ml,Thalion,men 3 in 1 cleansing face gel,150,https://www.thalion.com/en/our-products/face/algopur-en/blemish-control-gel/,https://www.thalion.com/wp-content/uploads/THV-089-scaled.jpg,og:image,found,Match score: 85.5
Thalion Lift Perfecting Pearl Serum 30ml,Thalion,lift perfecting pearl serum,30,https://www.thalion.com/en/our-products/face/algolift-en/firming-glow-serum/,https://www.thalion.com/wp-content/uploads/THV135.png,og:image,found,Match score: 85.5
Thalion Firming Glow Serum 30ml,Thalion,firming glow serum,30,https://www.thalion.com/en/our-products/face/algolift-en/firming-glow-serum/,https://www.thalion.com/wp-content/uploads/THV135.png,og:image,found,Match score: 100
Thalion Skin Recharge Daily Energy Booster 30ml,Thalion,skin recharge daily energy booster,30,https://www.thalion.com/en/our-products/face/men/skin-recharge/,https://www.thalion.com/wp-content/uploads/Homme_Skin-Recharge_Vignette.png,og:image,found,Match score: 90.0
Thalion Gentle Tonic Lotion 200ml,Thalion,gentle tonic lotion,200,https://www.thalion.com/en/our-products/face/the-essentials/gentle-tonic-lotion/,https://www.thalion.com/wp-content/uploads/Les-Essentiels_Lotion-Tonique-Confort_Vignette.png,og:image,found,Match score: 100
Thalion AP Balancing Lotion 200ml,Thalion,ap balancing lotion,200,https://www.thalion.com/en/our-products/face/the-essentials/balancing-lotion/,https://www.thalion.com/wp-content/uploads/Les-Essentiels_Lotion-Normalisante_Vignette.png,og:image,found,Match score: 90.0
Thalion Detox Scrub Mask With Guerande Mud 50ml,Thalion,detox scrub mask with guerande mud,50,https://www.thalion.com/en/our-products/face/the-essentials/detox-scrub-mask/,https://www.thalion.com/wp-content/uploads/Les-Essentiels_Masque-Gommage-Detox_Vignette.png,og:image,found,Match score: 90.0
Thalion Moisturizing Plumping Mask 50ml,Thalion,moisturizing plumping mask,50,https://www.thalion.com/en/our-products/face/thalisource-en-2/moisturizing-plumping-mask/,https://www.thalion.com/wp-content/uploads/THV073.png,og:image,found,Match score: 100
Thalion Algopur Sebomarin Mattifying Fluid 50ml,Thalion,algopur sebomarin mattifying fluid,50,https://www.thalion.com/en/product-category/face/algopur-en/,https://www.thalion.com/wp-content/uploads/gamme_algopur.jpg.webp,srcset,found,Match score: 90.0
Thalion Algopur Sebomarin Imperfections serum 30ml,Thalion,algopur sebomarin imperfections serum,30,https://www.thalion.com/en/product-category/face/algopur-en/,https://www.thalion.com/wp-content/uploads/gamme_algopur.jpg.webp,srcset,found,Match score: 90.0
Thalion Algopur Sebomarin Correcting Cream 50ml,Thalion,algopur sebomarin correcting cream,50,https://www.thalion.com/en/product-category/face/algopur-en/,https://www.thalion.com/wp-content/uploads/gamme_algopur.jpg.webp,srcset,found,Match score: 90.0
Thalion Algopur Sebomarin Clay Mask 50ml,Thalion,algopur sebomarin clay mask,50,https://www.thalion.com/en/product-category/face/algopur-en/,https://www.thalion.com/wp-content/uploads/gamme_algopur.jpg.webp,srcset,found,Match score: 90.0
Thalion Algolift Smoothing-Redensifying Night Mask 50ml,Thalion,algolift smoothing-redensifying night mask,50,https://www.thalion.com/en/product-category/face/algolift-en/,https://www.thalion.com/wp-content/uploads/gamme_algolift-1.jpg.webp,srcset,found,Match score: 90.0
Thalion AlgoCalm Sensibiote Soothing Mask 50 ml,Thalion,algocalm sensibiote soothing mask,50,https://www.thalion.com/en/our-products/face/algocalm-en/sensibiote-soothing-mask/,https://www.thalion.com/wp-content/uploads/Algocalm_Masque-Sensibiote-Apaisant_Vignette.png,og:image,found,Match score: 90.0
Thalion AlgoCalm Sensibiote Soothing Fluid 50ml,Thalion,algocalm sensibiote soothing fluid,50,https://www.thalion.com/en/our-products/face/algocalm-en/sensibiote-soothing-fluid/,https://www.thalion.com/wp-content/uploads/Algocalm_Fluide-Sensibiote-Apaisant_Vignette.png,og:image,found,Match score: 90.0
Thalion AlgoCalm Sensibiote Soothing Cream 50ml,Thalion,algocalm sensibiote soothing cream,50,https://www.thalion.com/en/our-products/face/algocalm-en/sensibiote-soothing-cream/,https://www.thalion.com/wp-content/uploads/Algocalm_Creme-Sensibiote-Apaisante_Vignette.png,og:image,found,Match score: 90.0
Thalion AlgoCalm Sensi-PRO Soothing amp. 10 x 1.5ml,Thalion,algocalm sensi-pro soothing amp. 10 x 1.,5,https://www.thalion.com/en/our-products/face/algocalm-en/sensibiote-soothing-fluid/,https://www.thalion.com/wp-content/uploads/Algocalm_Fluide-Sensibiote-Apaisant_Vignette.png,og:image,found,Match score: 85.5
Thalion Algo Energie Radiance Booster Cream 50ml,Thalion,algo energie radiance booster cream,50,https://www.thalion.com/en/besoins-de-la-peau/radiance/,,not_found,no_image,"Match score: 90.0, but no image found"
Thalion Algo Energie Anti-Fatique Mask – micro seaweeds 50ml,Thalion,algo energie anti-fatique mask - micro seaweeds,50,https://www.thalion.com/en/our-products/face/thalisource-en-2/moisturizing-plumping-mask/,https://www.thalion.com/wp-content/uploads/THV073.png,og:image,found,Match score: 85.5
Thalion Algo Energetic Vitamin Complex 30ml,Thalion,algo energetic vitamin complex,30,https://www.thalion.com/en/our-products/face/algoenergie-en/energetic-vitamin-cocktail/,https://www.thalion.com/wp-content/uploads/Algoenergie_Coktail-Energetique-Vitamine_Vignette.png,og:image,found,Match score: 90.0
Thalion AL Ultimate Wrinkle Correction Cream 50ml,Thalion,al ultimate wrinkle correction cream,50,https://www.thalion.com/en/our-products/face/algolift-en/ultimate-wrinkle-correction-cream/,https://www.thalion.com/wp-content/uploads/Algolift_Creme-Haute-Correction-Rides_Vignette.png,og:image,found,Match score: 95.0
Thalion AL Hyaluron-2 Wrinkle Correction Serum 30ml,Thalion,al hyaluron-2 wrinkle correction serum,30,https://www.thalion.com/en/our-products/face/algolift-en/hyaluron-2-wrinkle-correction-serum/,https://www.thalion.com/wp-content/uploads/Algolift_Serum-Hyaluron-2-Correction-Rides_Vignette.png,og:image,found,Match score: 95.0
Thalion AL First Wrinkle Smoothing Cream 50ml,Thalion,al first wrinkle smoothing cream,50,https://www.thalion.com/en/our-products/face/algolift-en/first-wrinkle-smoothing-cream/,https://www.thalion.com/wp-content/uploads/Algolift_Creme-Active-1eres-Rides_Vignette.png,og:image,found,Match score: 90.0
Thalion AL Anti-Gravity Firming Cream 50ml,Thalion,al anti-gravity firming cream,50,https://www.thalion.com/en/our-products/face/algolift-en/anti-gravity-firming-cream/,https://www.thalion.com/wp-content/uploads/Algolift_Creme-Fermete-Elasticite-Rebond_Vignette.png,og:image,found,Match score: 86.53846153846155
Thalion Essential Moisturizing Cream 50ml,Thalion,essential moisturizing cream,50,https://www.thalion.com/en/our-products/face/the-marine-iconic-products/moisturizing-marine-mist/,https://www.thalion.com/wp-content/uploads/Iconiques-Marins_Brume-Marine-Hydra-vivifiante_Vignette.png,og:image,found,Match score: 85.5
Thalion Ocean Secret L'Elixer 30ml,Thalion,ocean secret l'elixer,30,https://www.thalion.com/en/product-category/face/ocean-secrets-en/,https://www.thalion.com/wp-content/uploads/gamme_ocean_secrets-1.png.webp,srcset,found,Match score: 85.5
Thalion Ocean Secrets La Crème 50ml,Thalion,ocean secrets la creme,50,https://www.thalion.com/en/product-category/face/ocean-secrets-en/,https://www.thalion.com/wp-content/uploads/gamme_ocean_secrets-1.png.webp,srcset,found,Match score: 90.0
Thalion Ocean Secrets La Crème Riche 50ml,Thalion,ocean secrets la creme riche,50,https://www.thalion.com/en/product-category/face/ocean-secrets-en/,https://www.thalion.com/wp-content/uploads/gamme_ocean_secrets-1.png.webp,srcset,found,Match score: 90.0
Thalion Precious Oil 30ml,Thalion,precious oil,30,,,,not_found,No matching candidate found
